-- Active: 1737800807972@@127.0.0.1@5432@operunit
-- Таблиця для підрозділів
CREATE TABLE Підрозділи (
    ID_підрозділу INT PRIMARY KEY,
    Назва VARCHAR(255) NOT NULL,
    Тип VARCHAR(100) NOT NULL,
    Місцезнаходження VARCHAR(255) NOT NULL
);

-- Таблиця для посад
CREATE TABLE Посади (
    ID_посади INT PRIMARY KEY,
    Назва VARCHAR(255) NOT NULL,
    Категорія VARCHAR(100) NOT NULL
);

-- Таблиця для особового складу
CREATE TABLE Особовий_склад (
    ID_особи INT PRIMARY KEY,
    Ім_я VARCHAR(100) NOT NULL,
    Прізвище VARCHAR(100) NOT NULL,
    Дата_народження DATE NOT NULL,
    Звання VARCHAR(50) NOT NULL,
    ID_підрозділу INT NOT NULL,
    ID_посади INT NOT NULL,
    FOREIGN KEY (ID_підрозділу) REFERENCES Підрозділи(ID_підрозділу),
    FOREIGN KEY (ID_посади) REFERENCES Посади(ID_посади)
);

-- Заповнення таблиці "Підрозділи"
INSERT INTO Підрозділи (ID_підрозділу, Назва, Тип, Місцезнаходження) VALUES
(1, '1-а бригада', 'Бригада', 'Київ'),
(2, '2-й батальйон', 'Батальйон', 'Львів'),
(3, 'Рота забезпечення', 'Рота', 'Харків'),
(4, 'Штаб командування', 'Штаб', 'Одеса');

-- Заповнення таблиці "Посади"
INSERT INTO Посади (ID_посади, Назва, Категорія) VALUES
(1, 'Командир бригади', 'Офіцери'),
(2, 'Заступник командира', 'Офіцери'),
(3, 'Командир взводу', 'Офіцери'),
(4, 'Сержант', 'Сержанти'),
(5, 'Рядовий', 'Солдати');

-- Заповнення таблиці "Особовий_склад"
INSERT INTO Особовий_склад (ID_особи, Ім_я, Прізвище, Дата_народження, Звання, ID_підрозділу, ID_посади) VALUES
(1, 'Іван', 'Петренко', '1985-03-15', 'Підполковник', 1, 1),
(2, 'Олександр', 'Коваленко', '1987-07-10', 'Майор', 1, 2),
(3, 'Сергій', 'Тимошенко', '1990-11-25', 'Капітан', 2, 3),
(4, 'Андрій', 'Сидоренко', '1995-05-05', 'Сержант', 2, 4),
(5, 'Микола', 'Іванченко', '2000-12-01', 'Рядовий', 2, 5),
(6, 'Юрій', 'Шевченко', '1988-08-08', 'Капітан', 3, 3),
(7, 'Василь', 'Гончарук', '1992-04-20', 'Сержант', 3, 4),
(8, 'Дмитро', 'Лисенко', '1998-02-15', 'Рядовий', 3, 5),
(9, 'Олег', 'Бондар', '1993-06-30', 'Майор', 4, 2),
(10, 'Роман', 'Захаренко', '1985-01-25', 'Капітан', 4, 3),
(11, 'Оксана', 'Кравчук', '1990-09-15', 'Сержант', 1, 4),
(12, 'Марія', 'Литвин', '1997-12-12', 'Рядовий', 1, 5),
(13, 'Ганна', 'Пономаренко', '1989-05-10', 'Підполковник', 2, 1),
(14, 'Олена', 'Шевчук', '1992-11-07', 'Сержант', 3, 4),
(15, 'Євген', 'Гнатенко', '1996-02-17', 'Рядовий', 4, 5),
(16, 'Богдан', 'Тарасюк', '1988-07-27', 'Майор', 2, 2),
(17, 'Катерина', 'Дорошенко', '1994-03-05', 'Капітан', 1, 3),
(18, 'Ігор', 'Мельник', '1991-08-14', 'Сержант', 4, 4),
(19, 'Назар', 'Семенюк', '1999-04-01', 'Рядовий', 2, 5),
(20, 'Артем', 'Ковтун', '1993-10-20', 'Капітан', 3, 3),
(21, 'Ольга', 'Білик', '1995-11-11', 'Сержант', 4, 4),
(22, 'Віктор', 'Журавель', '1986-01-19', 'Майор', 1, 2),
(23, 'Михайло', 'Чорний', '1997-03-21', 'Рядовий', 2, 5),
(24, 'Тетяна', 'Савченко', '1994-06-22', 'Сержант', 3, 4),
(25, 'Юлія', 'Горобець', '2001-07-15', 'Рядовий', 4, 5);
